project,smell_type,count_before,count_after,delta,status
1_tullibee,Asserting Constants,4,7,3,ok
1_tullibee,Asserting object initialization multiple times,236,185,-51,ok
1_tullibee,Duplicated Setup,126,136,10,ok
1_tullibee,Exceptions due to external dependencies,3,3,0,ok
1_tullibee,Exceptions due to incomplete setup,17,4,-13,ok
1_tullibee,Exceptions due to null arguments,17,3,-14,ok
1_tullibee,Multiple calls to the same void method,0,32,32,ok
1_tullibee,Not asserted return values,26,25,-1,ok
1_tullibee,Not asserted side effects,22,40,18,ok
1_tullibee,Not null assertion,3,1,-2,ok
1_tullibee,Testing only field accesors,49,47,-2,ok
1_tullibee,Testing the same exception scenario,46,0,-46,ok
2_a4j,Asserting object initialization multiple times,148,97,-51,ok
2_a4j,Duplicated Setup,82,85,3,ok
2_a4j,Exceptions due to incomplete setup,9,0,-9,ok
2_a4j,Exceptions due to null arguments,2,0,-2,ok
2_a4j,Multiple calls to the same void method,68,90,22,ok
2_a4j,Not asserted return values,11,66,55,ok
2_a4j,Not asserted side effects,207,173,-34,ok
2_a4j,Not null assertion,6,17,11,ok
2_a4j,Testing only field accesors,202,182,-20,ok
2_a4j,Testing the same exception scenario,2,0,-2,ok
3_gaj,Asserting object initialization multiple times,14,15,1,ok
3_gaj,Duplicated Setup,2,4,2,ok
3_gaj,Exceptions due to incomplete setup,8,3,-5,ok
3_gaj,Exceptions due to null arguments,2,0,-2,ok
3_gaj,Not asserted return values,7,9,2,ok
3_gaj,Not asserted side effects,7,8,1,ok
3_gaj,Not null assertion,0,3,3,ok
3_gaj,Testing only field accesors,14,13,-1,ok
3_gaj,Testing the same exception scenario,5,0,-5,ok
4_rif,Asserting Constants,3,0,-3,ok
4_rif,Asserting object initialization multiple times,24,16,-8,ok
4_rif,Duplicated Setup,6,0,-6,ok
4_rif,Exceptions due to incomplete setup,2,0,-2,ok
4_rif,Exceptions due to null arguments,2,0,-2,ok
4_rif,Multiple calls to the same void method,0,3,3,ok
4_rif,Not asserted return values,3,3,0,ok
4_rif,Not asserted side effects,5,6,1,ok
4_rif,Not null assertion,0,6,6,ok
4_rif,Testing only field accesors,13,14,1,ok
5_templateit,Asserting object initialization multiple times,71,60,-11,ok
5_templateit,Duplicated Setup,60,50,-10,ok
5_templateit,Exceptions due to external dependencies,2,1,-1,ok
5_templateit,Exceptions due to incomplete setup,7,5,-2,ok
5_templateit,Exceptions due to null arguments,11,8,-3,ok
5_templateit,Multiple calls to the same void method,3,3,0,ok
5_templateit,Not asserted return values,25,13,-12,ok
5_templateit,Not asserted side effects,12,7,-5,ok
5_templateit,Not null assertion,2,3,1,ok
5_templateit,Testing only field accesors,21,19,-2,ok
5_templateit,Testing the same exception scenario,8,2,-6,ok
6_jnfe,Asserting object initialization multiple times,75,44,-31,ok
6_jnfe,Duplicated Setup,6,5,-1,ok
6_jnfe,Exceptions due to external dependencies,6,6,0,ok
6_jnfe,Exceptions due to incomplete setup,4,1,-3,ok
6_jnfe,Exceptions due to null arguments,2,1,-1,ok
6_jnfe,Multiple calls to the same void method,8,12,4,ok
6_jnfe,Not asserted return values,1,10,9,ok
6_jnfe,Not asserted side effects,28,26,-2,ok
6_jnfe,Not null assertion,1,3,2,ok
6_jnfe,Testing only field accesors,61,22,-39,ok
6_jnfe,Testing the same exception scenario,5,5,0,ok
7_sfmis,Asserting object initialization multiple times,68,63,-5,ok
7_sfmis,Duplicated Setup,14,24,10,ok
7_sfmis,Exceptions due to incomplete setup,10,10,0,ok
7_sfmis,Exceptions due to null arguments,5,5,0,ok
7_sfmis,Multiple calls to the same void method,6,10,4,ok
7_sfmis,Not asserted return values,16,5,-11,ok
7_sfmis,Not asserted side effects,45,31,-14,ok
7_sfmis,Not null assertion,0,4,4,ok
7_sfmis,Testing only field accesors,95,92,-3,ok
7_sfmis,Testing the same exception scenario,14,12,-2,ok
8_gfarcegestionfa,Asserting object initialization multiple times,75,64,-11,ok
8_gfarcegestionfa,Duplicated Setup,25,10,-15,ok
8_gfarcegestionfa,Exceptions due to external dependencies,1,1,0,ok
8_gfarcegestionfa,Exceptions due to incomplete setup,9,3,-6,ok
8_gfarcegestionfa,Exceptions due to null arguments,11,4,-7,ok
8_gfarcegestionfa,Multiple calls to the same void method,8,7,-1,ok
8_gfarcegestionfa,Not asserted return values,7,6,-1,ok
8_gfarcegestionfa,Not asserted side effects,35,26,-9,ok
8_gfarcegestionfa,Not null assertion,0,6,6,ok
8_gfarcegestionfa,Testing only field accesors,46,35,-11,ok
8_gfarcegestionfa,Testing the same exception scenario,8,0,-8,ok
9_falselight,Asserting object initialization multiple times,8,4,-4,ok
9_falselight,Not asserted return values,0,3,3,ok
9_falselight,Not null assertion,0,3,3,ok
10_water-simulator,Asserting Constants,17,6,-11,ok
10_water-simulator,Asserting object initialization multiple times,81,45,-36,ok
10_water-simulator,Duplicated Setup,62,50,-12,ok
10_water-simulator,Exceptions due to incomplete setup,11,2,-9,ok
10_water-simulator,Exceptions due to null arguments,4,3,-1,ok
10_water-simulator,Multiple calls to the same void method,7,21,14,ok
10_water-simulator,Not asserted return values,8,7,-1,ok
10_water-simulator,Not asserted side effects,43,30,-13,ok
10_water-simulator,Not null assertion,0,15,15,ok
10_water-simulator,Testing only field accesors,62,47,-15,ok
10_water-simulator,Testing the same exception scenario,15,2,-13,ok
11_imsmart,Asserting Constants,0,1,1,ok
11_imsmart,Asserting object initialization multiple times,12,15,3,ok
11_imsmart,Duplicated Setup,0,2,2,ok
11_imsmart,Exceptions due to incomplete setup,2,0,-2,ok
11_imsmart,Exceptions due to null arguments,1,0,-1,ok
11_imsmart,Multiple calls to the same void method,2,2,0,ok
11_imsmart,Not asserted return values,0,3,3,ok
11_imsmart,Not asserted side effects,10,6,-4,ok
11_imsmart,Not null assertion,0,6,6,ok
11_imsmart,Testing only field accesors,1,1,0,ok
12_dsachat,Asserting object initialization multiple times,95,97,2,ok
12_dsachat,Duplicated Setup,46,40,-6,ok
12_dsachat,Exceptions due to external dependencies,1,0,-1,ok
12_dsachat,Exceptions due to incomplete setup,6,1,-5,ok
12_dsachat,Exceptions due to null arguments,1,0,-1,ok
12_dsachat,Multiple calls to the same void method,8,6,-2,ok
12_dsachat,Not asserted return values,23,9,-14,ok
12_dsachat,Not asserted side effects,13,10,-3,ok
12_dsachat,Not null assertion,0,14,14,ok
12_dsachat,Testing only field accesors,26,22,-4,ok
12_dsachat,Testing the same exception scenario,4,0,-4,ok
13_jdbacl,Asserting Constants,16,12,-4,ok
13_jdbacl,Asserting object initialization multiple times,558,477,-81,ok
13_jdbacl,Duplicated Setup,267,224,-43,ok
13_jdbacl,Exceptions due to incomplete setup,93,58,-35,ok
13_jdbacl,Exceptions due to null arguments,84,73,-11,ok
13_jdbacl,Multiple calls to the same void method,54,63,9,ok
13_jdbacl,Not asserted return values,97,96,-1,ok
13_jdbacl,Not asserted side effects,128,142,14,ok
13_jdbacl,Not null assertion,9,20,11,ok
13_jdbacl,Testing only field accesors,136,107,-29,ok
13_jdbacl,Testing the same exception scenario,132,103,-29,ok
14_omjstate,Asserting object initialization multiple times,28,25,-3,ok
14_omjstate,Duplicated Setup,12,5,-7,ok
14_omjstate,Multiple calls to the same void method,2,2,0,ok
14_omjstate,Not asserted return values,10,0,-10,ok
14_omjstate,Not asserted side effects,2,2,0,ok
14_omjstate,Testing only field accesors,7,6,-1,ok
15_beanbin,Asserting object initialization multiple times,40,33,-7,ok
15_beanbin,Duplicated Setup,30,25,-5,ok
15_beanbin,Exceptions due to incomplete setup,1,0,-1,ok
15_beanbin,Exceptions due to null arguments,5,2,-3,ok
15_beanbin,Multiple calls to the same void method,2,4,2,ok
15_beanbin,Not asserted return values,7,3,-4,ok
15_beanbin,Not asserted side effects,15,13,-2,ok
15_beanbin,Not null assertion,0,5,5,ok
15_beanbin,Testing only field accesors,23,22,-1,ok
15_beanbin,Testing the same exception scenario,11,4,-7,ok
16_templatedetails,Asserting object initialization multiple times,1,1,0,ok
16_templatedetails,Duplicated Setup,4,4,0,ok
16_templatedetails,Multiple calls to the same void method,0,5,5,ok
16_templatedetails,Not asserted return values,0,2,2,ok
16_templatedetails,Not asserted side effects,6,8,2,ok
16_templatedetails,Not null assertion,0,1,1,ok
16_templatedetails,Testing only field accesors,4,4,0,ok
16_templatedetails,Testing the same exception scenario,4,0,-4,ok
17_inspirento,Asserting object initialization multiple times,79,88,9,ok
17_inspirento,Duplicated Setup,43,46,3,ok
17_inspirento,Exceptions due to external dependencies,1,0,-1,ok
17_inspirento,Exceptions due to incomplete setup,3,1,-2,ok
17_inspirento,Exceptions due to null arguments,2,0,-2,ok
17_inspirento,Multiple calls to the same void method,19,21,2,ok
17_inspirento,Not asserted return values,33,12,-21,ok
17_inspirento,Not asserted side effects,41,34,-7,ok
17_inspirento,Not null assertion,2,6,4,ok
17_inspirento,Testing only field accesors,27,19,-8,ok
17_inspirento,Testing the same exception scenario,17,0,-17,ok
18_jsecurity,Asserting Constants,20,22,2,ok
18_jsecurity,Asserting object initialization multiple times,460,430,-30,ok
18_jsecurity,Duplicated Setup,361,293,-68,ok
18_jsecurity,Exceptions due to external dependencies,1,1,0,ok
18_jsecurity,Exceptions due to incomplete setup,9,9,0,ok
18_jsecurity,Exceptions due to null arguments,65,49,-16,ok
18_jsecurity,Multiple calls to the same void method,110,103,-7,ok
18_jsecurity,Not asserted return values,208,197,-11,ok
18_jsecurity,Not asserted side effects,205,197,-8,ok
18_jsecurity,Not null assertion,22,7,-15,ok
18_jsecurity,Testing only field accesors,115,118,3,ok
18_jsecurity,Testing the same exception scenario,87,64,-23,ok
19_jmca,Asserting object initialization multiple times,145,150,5,ok
19_jmca,Duplicated Setup,174,135,-39,ok
19_jmca,Exceptions due to external dependencies,35,0,-35,ok
19_jmca,Exceptions due to incomplete setup,60,11,-49,ok
19_jmca,Exceptions due to null arguments,31,6,-25,ok
19_jmca,Multiple calls to the same void method,47,82,35,ok
19_jmca,Not asserted return values,57,57,0,ok
19_jmca,Not asserted side effects,73,132,59,ok
19_jmca,Not null assertion,2,11,9,ok
19_jmca,Testing only field accesors,23,24,1,ok
19_jmca,Testing the same exception scenario,122,8,-114,ok
20_nekomud,Asserting object initialization multiple times,7,7,0,ok
20_nekomud,Duplicated Setup,2,0,-2,ok
20_nekomud,Exceptions due to incomplete setup,1,0,-1,ok
20_nekomud,Exceptions due to null arguments,2,1,-1,ok
20_nekomud,Not asserted side effects,4,4,0,ok
20_nekomud,Not null assertion,0,1,1,ok
20_nekomud,Testing only field accesors,5,4,-1,ok
21_geo-google,Asserting object initialization multiple times,540,379,-161,ok
21_geo-google,Duplicated Setup,26,15,-11,ok
21_geo-google,Exceptions due to incomplete setup,1,1,0,ok
21_geo-google,Exceptions due to null arguments,2,2,0,ok
21_geo-google,Multiple calls to the same void method,163,263,100,ok
21_geo-google,Not asserted return values,10,61,51,ok
21_geo-google,Not asserted side effects,384,432,48,ok
21_geo-google,Not null assertion,82,3,-79,ok
21_geo-google,Testing only field accesors,752,735,-17,ok
21_geo-google,Testing the same exception scenario,2,2,0,ok
22_byuic,Asserting Constants,9,2,-7,ok
22_byuic,Asserting object initialization multiple times,139,123,-16,ok
22_byuic,Duplicated Setup,123,120,-3,ok
22_byuic,Exceptions due to incomplete setup,2,0,-2,ok
22_byuic,Exceptions due to null arguments,19,12,-7,ok
22_byuic,Multiple calls to the same void method,20,25,5,ok
22_byuic,Not asserted return values,11,107,96,ok
22_byuic,Not asserted side effects,23,29,6,ok
22_byuic,Not null assertion,0,12,12,ok
22_byuic,Testing only field accesors,12,9,-3,ok
22_byuic,Testing the same exception scenario,128,13,-115,ok
23_jwbf,Asserting object initialization multiple times,26,19,-7,ok
23_jwbf,Duplicated Setup,2,0,-2,ok
23_jwbf,Not asserted return values,2,0,-2,ok
23_jwbf,Not null assertion,0,1,1,ok
23_jwbf,Testing only field accesors,3,3,0,ok
24_saxpath,Asserting object initialization multiple times,112,107,-5,ok
24_saxpath,Duplicated Setup,2,0,-2,ok
24_saxpath,Multiple calls to the same void method,10,2,-8,ok
24_saxpath,Not asserted return values,8,11,3,ok
24_saxpath,Not asserted side effects,11,2,-9,ok
24_saxpath,Not null assertion,13,2,-11,ok
24_saxpath,Testing only field accesors,2,2,0,ok
24_saxpath,Testing the same exception scenario,26,3,-23,ok
25_jni-inchi,Asserting Constants,2,0,-2,ok
25_jni-inchi,Asserting object initialization multiple times,141,151,10,ok
25_jni-inchi,Duplicated Setup,26,19,-7,ok
25_jni-inchi,Exceptions due to incomplete setup,4,1,-3,ok
25_jni-inchi,Exceptions due to null arguments,4,0,-4,ok
25_jni-inchi,Not asserted return values,38,43,5,ok
25_jni-inchi,Not asserted side effects,19,13,-6,ok
25_jni-inchi,Not null assertion,1,14,13,ok
25_jni-inchi,Testing only field accesors,60,51,-9,ok
25_jni-inchi,Testing the same exception scenario,21,0,-21,ok
26_jipa,Asserting object initialization multiple times,9,7,-2,ok
26_jipa,Not null assertion,0,1,1,ok
26_jipa,Testing the same exception scenario,18,0,-18,ok
27_gangup,Asserting Constants,9,13,4,ok
27_gangup,Asserting object initialization multiple times,201,182,-19,ok
27_gangup,Duplicated Setup,105,84,-21,ok
27_gangup,Exceptions due to incomplete setup,26,6,-20,ok
27_gangup,Exceptions due to null arguments,20,9,-11,ok
27_gangup,Multiple calls to the same void method,80,82,2,ok
27_gangup,Not asserted return values,21,17,-4,ok
27_gangup,Not asserted side effects,140,131,-9,ok
27_gangup,Not null assertion,1,23,22,ok
27_gangup,Testing only field accesors,80,94,14,ok
27_gangup,Testing the same exception scenario,24,2,-22,ok
28_greencow,Asserting object initialization multiple times,1,1,0,ok
28_greencow,Not null assertion,0,1,1,ok
29_apbsmem,Asserting Constants,1,3,2,ok
29_apbsmem,Asserting object initialization multiple times,125,118,-7,ok
29_apbsmem,Duplicated Setup,80,69,-11,ok
29_apbsmem,Exceptions due to incomplete setup,24,5,-19,ok
29_apbsmem,Exceptions due to null arguments,10,5,-5,ok
29_apbsmem,Multiple calls to the same void method,41,52,11,ok
29_apbsmem,Not asserted return values,64,17,-47,ok
29_apbsmem,Not asserted side effects,116,113,-3,ok
29_apbsmem,Not null assertion,2,20,18,ok
29_apbsmem,Testing only field accesors,104,86,-18,ok
29_apbsmem,Testing the same exception scenario,15,0,-15,ok
30_bpmail,Asserting Constants,1,0,-1,ok
30_bpmail,Asserting object initialization multiple times,48,61,13,ok
30_bpmail,Duplicated Setup,35,33,-2,ok
30_bpmail,Exceptions due to incomplete setup,9,0,-9,ok
30_bpmail,Exceptions due to null arguments,8,0,-8,ok
30_bpmail,Multiple calls to the same void method,5,11,6,ok
30_bpmail,Not asserted return values,11,12,1,ok
30_bpmail,Not asserted side effects,42,27,-15,ok
30_bpmail,Not null assertion,0,9,9,ok
30_bpmail,Testing only field accesors,61,55,-6,ok
30_bpmail,Testing the same exception scenario,5,0,-5,ok
31_xisemele,Asserting object initialization multiple times,55,41,-14,ok
31_xisemele,Duplicated Setup,119,108,-11,ok
31_xisemele,Exceptions due to incomplete setup,10,1,-9,ok
31_xisemele,Exceptions due to null arguments,4,6,2,ok
31_xisemele,Not asserted return values,16,30,14,ok
31_xisemele,Not asserted side effects,3,3,0,ok
31_xisemele,Not null assertion,0,3,3,ok
31_xisemele,Testing only field accesors,6,4,-2,ok
31_xisemele,Testing the same exception scenario,42,0,-42,ok
32_httpanalyzer,Asserting Constants,1,2,1,ok
32_httpanalyzer,Asserting object initialization multiple times,14,13,-1,ok
32_httpanalyzer,Exceptions due to incomplete setup,4,2,-2,ok
32_httpanalyzer,Exceptions due to null arguments,6,3,-3,ok
32_httpanalyzer,Multiple calls to the same void method,5,3,-2,ok
32_httpanalyzer,Not asserted return values,2,2,0,ok
32_httpanalyzer,Not asserted side effects,6,5,-1,ok
32_httpanalyzer,Not null assertion,0,4,4,ok
32_httpanalyzer,Testing only field accesors,5,4,-1,ok
32_httpanalyzer,Testing the same exception scenario,2,0,-2,ok
33_javaviewcontrol,Asserting Constants,0,1,1,ok
33_javaviewcontrol,Asserting object initialization multiple times,87,77,-10,ok
33_javaviewcontrol,Duplicated Setup,72,68,-4,ok
33_javaviewcontrol,Exceptions due to external dependencies,2,1,-1,ok
33_javaviewcontrol,Exceptions due to null arguments,9,2,-7,ok
33_javaviewcontrol,Multiple calls to the same void method,17,11,-6,ok
33_javaviewcontrol,Not asserted return values,20,48,28,ok
33_javaviewcontrol,Not asserted side effects,21,15,-6,ok
33_javaviewcontrol,Not null assertion,3,10,7,ok
33_javaviewcontrol,Testing only field accesors,3,3,0,ok
33_javaviewcontrol,Testing the same exception scenario,17,2,-15,ok
34_sbmlreader2,Asserting object initialization multiple times,5,3,-2,ok
34_sbmlreader2,Duplicated Setup,4,0,-4,ok
34_sbmlreader2,Exceptions due to external dependencies,3,3,0,ok
34_sbmlreader2,Exceptions due to incomplete setup,1,1,0,ok
34_sbmlreader2,Not asserted return values,5,6,1,ok
34_sbmlreader2,Not null assertion,0,1,1,ok
35_corina,Asserting Constants,17,14,-3,ok
35_corina,Asserting object initialization multiple times,570,559,-11,ok
35_corina,Duplicated Setup,468,364,-104,ok
35_corina,Exceptions due to external dependencies,43,43,0,ok
35_corina,Exceptions due to incomplete setup,90,68,-22,ok
35_corina,Exceptions due to null arguments,132,101,-31,ok
35_corina,Multiple calls to the same void method,157,166,9,ok
35_corina,Not asserted return values,157,170,13,ok
35_corina,Not asserted side effects,227,236,9,ok
35_corina,Not null assertion,16,21,5,ok
35_corina,Testing only field accesors,102,103,1,ok
35_corina,Testing the same exception scenario,126,93,-33,ok
36_schemaspy,Asserting object initialization multiple times,184,178,-6,ok
36_schemaspy,Duplicated Setup,162,123,-39,ok
36_schemaspy,Exceptions due to external dependencies,8,2,-6,ok
36_schemaspy,Exceptions due to incomplete setup,11,5,-6,ok
36_schemaspy,Exceptions due to null arguments,56,9,-47,ok
36_schemaspy,Multiple calls to the same void method,25,37,12,ok
36_schemaspy,Not asserted return values,88,144,56,ok
36_schemaspy,Not asserted side effects,54,62,8,ok
36_schemaspy,Not null assertion,7,14,7,ok
36_schemaspy,Testing only field accesors,39,41,2,ok
36_schemaspy,Testing the same exception scenario,68,39,-29,ok
37_petsoar,Asserting Constants,0,6,6,ok
37_petsoar,Asserting object initialization multiple times,103,86,-17,ok
37_petsoar,Duplicated Setup,34,18,-16,ok
37_petsoar,Exceptions due to incomplete setup,36,24,-12,ok
37_petsoar,Exceptions due to null arguments,1,1,0,ok
37_petsoar,Multiple calls to the same void method,9,24,15,ok
37_petsoar,Not asserted return values,22,23,1,ok
37_petsoar,Not asserted side effects,99,99,0,ok
37_petsoar,Not null assertion,0,4,4,ok
37_petsoar,Testing only field accesors,136,118,-18,ok
37_petsoar,Testing the same exception scenario,22,12,-10,ok
38_javabullboard,Asserting Constants,2,3,1,ok
38_javabullboard,Asserting object initialization multiple times,90,90,0,ok
38_javabullboard,Duplicated Setup,36,20,-16,ok
38_javabullboard,Exceptions due to external dependencies,1,1,0,ok
38_javabullboard,Exceptions due to incomplete setup,11,11,0,ok
38_javabullboard,Exceptions due to null arguments,26,10,-16,ok
38_javabullboard,Multiple calls to the same void method,9,25,16,ok
38_javabullboard,Not asserted return values,16,68,52,ok
38_javabullboard,Not asserted side effects,31,45,14,ok
38_javabullboard,Not null assertion,9,6,-3,ok
38_javabullboard,Testing only field accesors,33,27,-6,ok
38_javabullboard,Testing the same exception scenario,99,32,-67,ok
39_diffi,Asserting object initialization multiple times,32,31,-1,ok
39_diffi,Duplicated Setup,10,8,-2,ok
39_diffi,Multiple calls to the same void method,4,5,1,ok
39_diffi,Not asserted return values,7,8,1,ok
39_diffi,Not asserted side effects,6,7,1,ok
39_diffi,Not null assertion,0,3,3,ok
39_diffi,Testing only field accesors,11,12,1,ok
39_diffi,Testing the same exception scenario,2,0,-2,ok
40_glengineer,Asserting object initialization multiple times,179,145,-34,ok
40_glengineer,Duplicated Setup,141,134,-7,ok
40_glengineer,Exceptions due to incomplete setup,5,1,-4,ok
40_glengineer,Exceptions due to null arguments,7,1,-6,ok
40_glengineer,Multiple calls to the same void method,2,4,2,ok
40_glengineer,Not asserted return values,13,32,19,ok
40_glengineer,Not asserted side effects,4,5,1,ok
40_glengineer,Not null assertion,8,23,15,ok
40_glengineer,Testing only field accesors,4,1,-3,ok
40_glengineer,Testing the same exception scenario,29,3,-26,ok
41_follow,Asserting Constants,0,20,20,ok
41_follow,Asserting object initialization multiple times,95,69,-26,ok
41_follow,Duplicated Setup,65,57,-8,ok
41_follow,Exceptions due to incomplete setup,19,7,-12,ok
41_follow,Exceptions due to null arguments,21,8,-13,ok
41_follow,Multiple calls to the same void method,19,19,0,ok
41_follow,Not asserted return values,22,15,-7,ok
41_follow,Not asserted side effects,27,27,0,ok
41_follow,Not null assertion,2,13,11,ok
41_follow,Testing only field accesors,25,20,-5,ok
41_follow,Testing the same exception scenario,14,6,-8,ok
42_asphodel,Asserting Constants,0,1,1,ok
42_asphodel,Asserting object initialization multiple times,30,36,6,ok
42_asphodel,Duplicated Setup,10,4,-6,ok
42_asphodel,Exceptions due to incomplete setup,1,0,-1,ok
42_asphodel,Exceptions due to null arguments,3,2,-1,ok
42_asphodel,Multiple calls to the same void method,1,3,2,ok
42_asphodel,Not asserted return values,7,8,1,ok
42_asphodel,Not asserted side effects,14,12,-2,ok
42_asphodel,Not null assertion,0,2,2,ok
42_asphodel,Testing only field accesors,26,25,-1,ok
42_asphodel,Testing the same exception scenario,6,0,-6,ok
45_lotus,Asserting Constants,1,2,1,ok
45_lotus,Asserting object initialization multiple times,27,24,-3,ok
45_lotus,Duplicated Setup,8,0,-8,ok
45_lotus,Exceptions due to incomplete setup,6,2,-4,ok
45_lotus,Exceptions due to null arguments,7,1,-6,ok
45_lotus,Multiple calls to the same void method,4,4,0,ok
45_lotus,Not asserted return values,9,5,-4,ok
45_lotus,Not asserted side effects,9,9,0,ok
45_lotus,Not null assertion,0,8,8,ok
46_nutzenportfolio,Asserting object initialization multiple times,172,179,7,ok
46_nutzenportfolio,Duplicated Setup,234,186,-48,ok
46_nutzenportfolio,Exceptions due to incomplete setup,15,19,4,ok
46_nutzenportfolio,Exceptions due to null arguments,72,62,-10,ok
46_nutzenportfolio,Multiple calls to the same void method,0,10,10,ok
46_nutzenportfolio,Not asserted return values,38,61,23,ok
46_nutzenportfolio,Not asserted side effects,163,166,3,ok
46_nutzenportfolio,Not null assertion,0,1,1,ok
46_nutzenportfolio,Testing only field accesors,294,280,-14,ok
46_nutzenportfolio,Testing the same exception scenario,173,118,-55,ok
47_dvd-homevideo,Asserting object initialization multiple times,12,3,-9,ok
47_dvd-homevideo,Exceptions due to incomplete setup,3,0,-3,ok
47_dvd-homevideo,Exceptions due to null arguments,2,0,-2,ok
47_dvd-homevideo,Multiple calls to the same void method,2,2,0,ok
47_dvd-homevideo,Not asserted return values,0,1,1,ok
47_dvd-homevideo,Not asserted side effects,2,2,0,ok
47_dvd-homevideo,Not null assertion,0,2,2,ok
47_dvd-homevideo,Testing only field accesors,1,0,-1,ok
47_dvd-homevideo,Testing the same exception scenario,2,0,-2,ok
48_resources4j,Asserting object initialization multiple times,13,13,0,ok
48_resources4j,Duplicated Setup,6,2,-4,ok
48_resources4j,Exceptions due to incomplete setup,2,0,-2,ok
48_resources4j,Not asserted return values,5,4,-1,ok
48_resources4j,Not asserted side effects,4,3,-1,ok
48_resources4j,Not null assertion,0,1,1,ok
48_resources4j,Testing only field accesors,10,7,-3,ok
49_diebierse,Asserting Constants,1,0,-1,ok
49_diebierse,Asserting object initialization multiple times,70,55,-15,ok
49_diebierse,Duplicated Setup,62,56,-6,ok
49_diebierse,Exceptions due to incomplete setup,2,0,-2,ok
49_diebierse,Exceptions due to null arguments,7,2,-5,ok
49_diebierse,Multiple calls to the same void method,3,9,6,ok
49_diebierse,Not asserted return values,9,4,-5,ok
49_diebierse,Not asserted side effects,40,38,-2,ok
49_diebierse,Not null assertion,0,3,3,ok
49_diebierse,Testing only field accesors,54,46,-8,ok
49_diebierse,Testing the same exception scenario,4,0,-4,ok
50_biff,Asserting object initialization multiple times,9,16,7,ok
50_biff,Duplicated Setup,2,0,-2,ok
50_biff,Exceptions due to external dependencies,1,0,-1,ok
50_biff,Not asserted return values,23,11,-12,ok
51_jiprof,Asserting Constants,143,14,-129,ok
51_jiprof,Asserting object initialization multiple times,422,334,-88,ok
51_jiprof,Duplicated Setup,422,360,-62,ok
51_jiprof,Exceptions due to incomplete setup,42,18,-24,ok
51_jiprof,Exceptions due to null arguments,67,14,-53,ok
51_jiprof,Multiple calls to the same void method,229,225,-4,ok
51_jiprof,Not asserted return values,50,63,13,ok
51_jiprof,Not asserted side effects,248,240,-8,ok
51_jiprof,Not null assertion,4,40,36,ok
51_jiprof,Testing only field accesors,41,37,-4,ok
51_jiprof,Testing the same exception scenario,71,24,-47,ok
52_lagoon,Asserting Constants,34,12,-22,ok
52_lagoon,Asserting object initialization multiple times,146,134,-12,ok
52_lagoon,Duplicated Setup,166,137,-29,ok
52_lagoon,Exceptions due to external dependencies,22,7,-15,ok
52_lagoon,Exceptions due to incomplete setup,32,3,-29,ok
52_lagoon,Exceptions due to null arguments,22,5,-17,ok
52_lagoon,Multiple calls to the same void method,80,78,-2,ok
52_lagoon,Not asserted return values,25,46,21,ok
52_lagoon,Not asserted side effects,104,103,-1,ok
52_lagoon,Not null assertion,5,36,31,ok
52_lagoon,Testing only field accesors,32,28,-4,ok
52_lagoon,Testing the same exception scenario,68,0,-68,ok
53_shp2kml,Asserting object initialization multiple times,7,4,-3,ok
53_shp2kml,Exceptions due to incomplete setup,3,0,-3,ok
53_shp2kml,Not asserted return values,0,1,1,ok
53_shp2kml,Not null assertion,1,1,0,ok
53_shp2kml,Testing the same exception scenario,2,0,-2,ok
54_db-everywhere,Asserting object initialization multiple times,226,202,-24,ok
54_db-everywhere,Duplicated Setup,338,323,-15,ok
54_db-everywhere,Exceptions due to incomplete setup,13,11,-2,ok
54_db-everywhere,Exceptions due to null arguments,84,73,-11,ok
54_db-everywhere,Multiple calls to the same void method,119,159,40,ok
54_db-everywhere,Not asserted return values,130,93,-37,ok
54_db-everywhere,Not asserted side effects,292,301,9,ok
54_db-everywhere,Not null assertion,0,4,4,ok
54_db-everywhere,Testing only field accesors,254,227,-27,ok
54_db-everywhere,Testing the same exception scenario,101,88,-13,ok
55_lavalamp,Asserting object initialization multiple times,62,60,-2,ok
55_lavalamp,Duplicated Setup,29,21,-8,ok
55_lavalamp,Exceptions due to external dependencies,2,0,-2,ok
55_lavalamp,Exceptions due to incomplete setup,11,4,-7,ok
55_lavalamp,Exceptions due to null arguments,7,2,-5,ok
55_lavalamp,Multiple calls to the same void method,7,13,6,ok
55_lavalamp,Not asserted return values,18,8,-10,ok
55_lavalamp,Not asserted side effects,43,41,-2,ok
55_lavalamp,Not null assertion,0,7,7,ok
55_lavalamp,Testing only field accesors,51,49,-2,ok
55_lavalamp,Testing the same exception scenario,5,3,-2,ok
56_jhandballmoves,Asserting Constants,47,15,-32,ok
56_jhandballmoves,Asserting object initialization multiple times,140,117,-23,ok
56_jhandballmoves,Duplicated Setup,249,206,-43,ok
56_jhandballmoves,Exceptions due to incomplete setup,24,8,-16,ok
56_jhandballmoves,Exceptions due to null arguments,26,6,-20,ok
56_jhandballmoves,Multiple calls to the same void method,187,190,3,ok
56_jhandballmoves,Not asserted return values,23,20,-3,ok
56_jhandballmoves,Not asserted side effects,236,235,-1,ok
56_jhandballmoves,Not null assertion,0,21,21,ok
56_jhandballmoves,Testing only field accesors,36,33,-3,ok
56_jhandballmoves,Testing the same exception scenario,16,2,-14,ok
57_hft-bomberman,Asserting Constants,10,4,-6,ok
57_hft-bomberman,Asserting object initialization multiple times,244,182,-62,ok
57_hft-bomberman,Duplicated Setup,191,139,-52,ok
57_hft-bomberman,Exceptions due to incomplete setup,20,7,-13,ok
57_hft-bomberman,Exceptions due to null arguments,42,9,-33,ok
57_hft-bomberman,Multiple calls to the same void method,51,56,5,ok
57_hft-bomberman,Not asserted return values,76,28,-48,ok
57_hft-bomberman,Not asserted side effects,114,114,0,ok
57_hft-bomberman,Not null assertion,7,21,14,ok
57_hft-bomberman,Testing only field accesors,85,67,-18,ok
57_hft-bomberman,Testing the same exception scenario,24,2,-22,ok
58_fps370,Asserting object initialization multiple times,28,19,-9,ok
58_fps370,Duplicated Setup,18,15,-3,ok
58_fps370,Exceptions due to null arguments,2,1,-1,ok
58_fps370,Multiple calls to the same void method,2,2,0,ok
58_fps370,Not asserted return values,10,1,-9,ok
58_fps370,Not asserted side effects,6,6,0,ok
58_fps370,Not null assertion,0,2,2,ok
58_fps370,Testing only field accesors,2,5,3,ok
58_fps370,Testing the same exception scenario,2,0,-2,ok
59_mygrid,Asserting Constants,0,1,1,ok
59_mygrid,Asserting object initialization multiple times,143,103,-40,ok
59_mygrid,Duplicated Setup,122,98,-24,ok
59_mygrid,Exceptions due to incomplete setup,4,0,-4,ok
59_mygrid,Multiple calls to the same void method,141,140,-1,ok
59_mygrid,Not asserted return values,55,5,-50,ok
59_mygrid,Not asserted side effects,152,145,-7,ok
59_mygrid,Not null assertion,0,14,14,ok
59_mygrid,Testing only field accesors,2,31,29,ok
59_mygrid,Testing the same exception scenario,2,0,-2,ok
60_sugar,Asserting Constants,0,4,4,ok
60_sugar,Asserting object initialization multiple times,90,76,-14,ok
60_sugar,Duplicated Setup,75,66,-9,ok
60_sugar,Exceptions due to incomplete setup,7,4,-3,ok
60_sugar,Exceptions due to null arguments,2,0,-2,ok
60_sugar,Multiple calls to the same void method,35,40,5,ok
60_sugar,Not asserted return values,23,20,-3,ok
60_sugar,Not asserted side effects,52,49,-3,ok
60_sugar,Not null assertion,4,10,6,ok
60_sugar,Testing only field accesors,25,21,-4,ok
60_sugar,Testing the same exception scenario,17,5,-12,ok
61_noen,Asserting Constants,8,6,-2,ok
61_noen,Asserting object initialization multiple times,654,546,-108,ok
61_noen,Duplicated Setup,438,329,-109,ok
61_noen,Exceptions due to external dependencies,3,0,-3,ok
61_noen,Exceptions due to incomplete setup,84,41,-43,ok
61_noen,Exceptions due to null arguments,78,24,-54,ok
61_noen,Multiple calls to the same void method,71,71,0,ok
61_noen,Not asserted return values,418,275,-143,ok
61_noen,Not asserted side effects,194,170,-24,ok
61_noen,Not null assertion,15,70,55,ok
61_noen,Testing only field accesors,339,299,-40,ok
61_noen,Testing the same exception scenario,56,20,-36,ok
63_objectexplorer,Asserting Constants,2,2,0,ok
63_objectexplorer,Asserting object initialization multiple times,130,123,-7,ok
63_objectexplorer,Duplicated Setup,137,115,-22,ok
63_objectexplorer,Exceptions due to incomplete setup,11,10,-1,ok
63_objectexplorer,Exceptions due to null arguments,11,11,0,ok
63_objectexplorer,Multiple calls to the same void method,37,33,-4,ok
63_objectexplorer,Not asserted return values,13,14,1,ok
63_objectexplorer,Not asserted side effects,74,65,-9,ok
63_objectexplorer,Not null assertion,0,2,2,ok
63_objectexplorer,Testing only field accesors,62,62,0,ok
63_objectexplorer,Testing the same exception scenario,43,36,-7,ok
65_gsftp,Asserting object initialization multiple times,20,21,1,ok
65_gsftp,Duplicated Setup,5,12,7,ok
65_gsftp,Exceptions due to incomplete setup,11,11,0,ok
65_gsftp,Exceptions due to null arguments,11,10,-1,ok
65_gsftp,Multiple calls to the same void method,2,2,0,ok
65_gsftp,Not asserted return values,11,7,-4,ok
65_gsftp,Not asserted side effects,11,9,-2,ok
65_gsftp,Not null assertion,2,1,-1,ok
65_gsftp,Testing only field accesors,19,20,1,ok
65_gsftp,Testing the same exception scenario,9,3,-6,ok
67_gae-app-manager,Asserting object initialization multiple times,14,10,-4,ok
67_gae-app-manager,Duplicated Setup,0,5,5,ok
67_gae-app-manager,Exceptions due to incomplete setup,1,1,0,ok
67_gae-app-manager,Multiple calls to the same void method,0,4,4,ok
67_gae-app-manager,Not asserted return values,9,0,-9,ok
67_gae-app-manager,Not asserted side effects,8,9,1,ok
67_gae-app-manager,Not null assertion,0,1,1,ok
67_gae-app-manager,Testing only field accesors,19,16,-3,ok
68_biblestudy,Asserting Constants,1,1,0,ok
68_biblestudy,Asserting object initialization multiple times,101,99,-2,ok
68_biblestudy,Duplicated Setup,67,55,-12,ok
68_biblestudy,Exceptions due to external dependencies,1,0,-1,ok
68_biblestudy,Exceptions due to incomplete setup,17,5,-12,ok
68_biblestudy,Exceptions due to null arguments,21,3,-18,ok
68_biblestudy,Multiple calls to the same void method,23,25,2,ok
68_biblestudy,Not asserted return values,62,68,6,ok
68_biblestudy,Not asserted side effects,29,30,1,ok
68_biblestudy,Not null assertion,0,3,3,ok
68_biblestudy,Testing only field accesors,25,25,0,ok
68_biblestudy,Testing the same exception scenario,27,2,-25,ok
69_lhamacaw,Asserting Constants,3,3,0,ok
69_lhamacaw,Asserting object initialization multiple times,233,245,12,ok
69_lhamacaw,Duplicated Setup,540,500,-40,ok
69_lhamacaw,Exceptions due to incomplete setup,88,77,-11,ok
69_lhamacaw,Exceptions due to null arguments,97,82,-15,ok
69_lhamacaw,Multiple calls to the same void method,118,115,-3,ok
69_lhamacaw,Not asserted return values,130,64,-66,ok
69_lhamacaw,Not asserted side effects,181,167,-14,ok
69_lhamacaw,Not null assertion,8,50,42,ok
69_lhamacaw,Testing only field accesors,52,55,3,ok
69_lhamacaw,Testing the same exception scenario,111,64,-47,ok
70_echodep,Asserting Constants,2,3,1,ok
70_echodep,Asserting object initialization multiple times,95,93,-2,ok
70_echodep,Duplicated Setup,49,26,-23,ok
70_echodep,Exceptions due to external dependencies,4,2,-2,ok
70_echodep,Exceptions due to incomplete setup,17,4,-13,ok
70_echodep,Exceptions due to null arguments,21,6,-15,ok
70_echodep,Multiple calls to the same void method,13,15,2,ok
70_echodep,Not asserted return values,47,46,-1,ok
70_echodep,Not asserted side effects,22,19,-3,ok
70_echodep,Not null assertion,8,19,11,ok
70_echodep,Testing only field accesors,7,6,-1,ok
70_echodep,Testing the same exception scenario,36,2,-34,ok
71_ext4j,Asserting Constants,1,2,1,ok
71_ext4j,Asserting object initialization multiple times,105,61,-44,ok
71_ext4j,Duplicated Setup,27,25,-2,ok
71_ext4j,Exceptions due to incomplete setup,7,5,-2,ok
71_ext4j,Exceptions due to null arguments,7,4,-3,ok
71_ext4j,Multiple calls to the same void method,9,23,14,ok
71_ext4j,Not asserted return values,24,22,-2,ok
71_ext4j,Not asserted side effects,32,33,1,ok
71_ext4j,Not null assertion,9,7,-2,ok
71_ext4j,Testing only field accesors,64,58,-6,ok
71_ext4j,Testing the same exception scenario,7,0,-7,ok
72_battlecry,Asserting object initialization multiple times,54,45,-9,ok
72_battlecry,Duplicated Setup,42,40,-2,ok
72_battlecry,Exceptions due to incomplete setup,3,0,-3,ok
72_battlecry,Exceptions due to null arguments,4,0,-4,ok
72_battlecry,Multiple calls to the same void method,12,8,-4,ok
72_battlecry,Not asserted return values,29,23,-6,ok
72_battlecry,Not asserted side effects,15,12,-3,ok
72_battlecry,Not null assertion,0,4,4,ok
72_battlecry,Testing only field accesors,18,17,-1,ok
72_battlecry,Testing the same exception scenario,4,0,-4,ok
73_fim1,Asserting object initialization multiple times,110,56,-54,ok
73_fim1,Duplicated Setup,20,16,-4,ok
73_fim1,Exceptions due to incomplete setup,8,3,-5,ok
73_fim1,Exceptions due to null arguments,35,10,-25,ok
73_fim1,Multiple calls to the same void method,19,64,45,ok
73_fim1,Not asserted return values,21,32,11,ok
73_fim1,Not asserted side effects,83,82,-1,ok
73_fim1,Not null assertion,2,15,13,ok
73_fim1,Testing only field accesors,125,107,-18,ok
73_fim1,Testing the same exception scenario,11,0,-11,ok
74_fixsuite,Asserting object initialization multiple times,59,47,-12,ok
74_fixsuite,Duplicated Setup,47,43,-4,ok
74_fixsuite,Exceptions due to incomplete setup,7,2,-5,ok
74_fixsuite,Exceptions due to null arguments,6,1,-5,ok
74_fixsuite,Multiple calls to the same void method,34,55,21,ok
74_fixsuite,Not asserted return values,9,15,6,ok
74_fixsuite,Not asserted side effects,59,63,4,ok
74_fixsuite,Not null assertion,0,11,11,ok
74_fixsuite,Testing only field accesors,39,30,-9,ok
75_openhre,Asserting Constants,3,2,-1,ok
75_openhre,Asserting object initialization multiple times,392,279,-113,ok
75_openhre,Duplicated Setup,188,157,-31,ok
75_openhre,Exceptions due to external dependencies,1,1,0,ok
75_openhre,Exceptions due to incomplete setup,47,12,-35,ok
75_openhre,Exceptions due to null arguments,13,2,-11,ok
75_openhre,Multiple calls to the same void method,116,161,45,ok
75_openhre,Not asserted return values,108,127,19,ok
75_openhre,Not asserted side effects,228,229,1,ok
75_openhre,Not null assertion,0,42,42,ok
75_openhre,Testing only field accesors,215,191,-24,ok
75_openhre,Testing the same exception scenario,70,9,-61,ok
76_dash-framework,Asserting object initialization multiple times,13,12,-1,ok
76_dash-framework,Duplicated Setup,2,0,-2,ok
76_dash-framework,Exceptions due to incomplete setup,2,1,-1,ok
76_dash-framework,Exceptions due to null arguments,3,1,-2,ok
76_dash-framework,Not asserted return values,0,1,1,ok
76_dash-framework,Not null assertion,0,3,3,ok
77_io-project,Asserting object initialization multiple times,11,8,-3,ok
77_io-project,Duplicated Setup,35,15,-20,ok
77_io-project,Exceptions due to incomplete setup,2,2,0,ok
77_io-project,Exceptions due to null arguments,9,9,0,ok
77_io-project,Not asserted return values,11,10,-1,ok
77_io-project,Not asserted side effects,2,4,2,ok
77_io-project,Testing only field accesors,2,2,0,ok
77_io-project,Testing the same exception scenario,17,8,-9,ok
79_twfbplayer,Asserting Constants,1,0,-1,ok
79_twfbplayer,Asserting object initialization multiple times,315,269,-46,ok
79_twfbplayer,Duplicated Setup,210,181,-29,ok
79_twfbplayer,Exceptions due to incomplete setup,25,15,-10,ok
79_twfbplayer,Exceptions due to null arguments,48,19,-29,ok
79_twfbplayer,Multiple calls to the same void method,48,45,-3,ok
79_twfbplayer,Not asserted return values,82,75,-7,ok
79_twfbplayer,Not asserted side effects,64,60,-4,ok
79_twfbplayer,Not null assertion,4,13,9,ok
79_twfbplayer,Testing only field accesors,37,33,-4,ok
79_twfbplayer,Testing the same exception scenario,16,8,-8,ok
81_javathena,Asserting Constants,1,3,2,ok
81_javathena,Asserting object initialization multiple times,497,473,-24,ok
81_javathena,Duplicated Setup,116,147,31,ok
81_javathena,Exceptions due to incomplete setup,55,11,-44,ok
81_javathena,Exceptions due to null arguments,26,8,-18,ok
81_javathena,Multiple calls to the same void method,51,71,20,ok
81_javathena,Not asserted return values,85,161,76,ok
81_javathena,Not asserted side effects,255,196,-59,ok
81_javathena,Not null assertion,2,26,24,ok
81_javathena,Testing only field accesors,564,520,-44,ok
81_javathena,Testing the same exception scenario,79,16,-63,ok
82_ipcalculator,Asserting object initialization multiple times,7,7,0,ok
82_ipcalculator,Duplicated Setup,8,4,-4,ok
82_ipcalculator,Not asserted return values,0,2,2,ok
82_ipcalculator,Testing the same exception scenario,2,0,-2,ok
83_xbus,Asserting Constants,3,4,1,ok
83_xbus,Asserting object initialization multiple times,247,256,9,ok
83_xbus,Duplicated Setup,73,71,-2,ok
83_xbus,Exceptions due to incomplete setup,20,2,-18,ok
83_xbus,Exceptions due to null arguments,29,15,-14,ok
83_xbus,Multiple calls to the same void method,43,68,25,ok
83_xbus,Not asserted return values,80,103,23,ok
83_xbus,Not asserted side effects,91,101,10,ok
83_xbus,Not null assertion,3,40,37,ok
83_xbus,Testing only field accesors,125,100,-25,ok
83_xbus,Testing the same exception scenario,147,37,-110,ok
85_shop,Asserting Constants,2,0,-2,ok
85_shop,Asserting object initialization multiple times,89,102,13,ok
85_shop,Duplicated Setup,97,83,-14,ok
85_shop,Exceptions due to incomplete setup,16,1,-15,ok
85_shop,Exceptions due to null arguments,12,2,-10,ok
85_shop,Multiple calls to the same void method,25,19,-6,ok
85_shop,Not asserted return values,90,29,-61,ok
85_shop,Not asserted side effects,46,32,-14,ok
85_shop,Not null assertion,0,20,20,ok
85_shop,Testing only field accesors,25,11,-14,ok
85_shop,Testing the same exception scenario,57,8,-49,ok
86_at-robots2-j,Asserting Constants,2,1,-1,ok
86_at-robots2-j,Asserting object initialization multiple times,336,258,-78,ok
86_at-robots2-j,Duplicated Setup,256,174,-82,ok
86_at-robots2-j,Exceptions due to external dependencies,2,2,0,ok
86_at-robots2-j,Exceptions due to incomplete setup,78,22,-56,ok
86_at-robots2-j,Exceptions due to null arguments,95,17,-78,ok
86_at-robots2-j,Multiple calls to the same void method,64,99,35,ok
86_at-robots2-j,Not asserted return values,80,79,-1,ok
86_at-robots2-j,Not asserted side effects,176,183,7,ok
86_at-robots2-j,Not null assertion,1,42,41,ok
86_at-robots2-j,Testing only field accesors,189,158,-31,ok
86_at-robots2-j,Testing the same exception scenario,57,5,-52,ok
87_jaw-br,Asserting Constants,0,4,4,ok
87_jaw-br,Asserting object initialization multiple times,48,50,2,ok
87_jaw-br,Duplicated Setup,10,20,10,ok
87_jaw-br,Exceptions due to external dependencies,3,0,-3,ok
87_jaw-br,Exceptions due to incomplete setup,8,2,-6,ok
87_jaw-br,Multiple calls to the same void method,1,10,9,ok
87_jaw-br,Not asserted return values,23,15,-8,ok
87_jaw-br,Not asserted side effects,31,30,-1,ok
87_jaw-br,Not null assertion,0,7,7,ok
87_jaw-br,Testing only field accesors,48,22,-26,ok
87_jaw-br,Testing the same exception scenario,24,0,-24,ok
88_jopenchart,Asserting Constants,6,2,-4,ok
88_jopenchart,Asserting object initialization multiple times,168,152,-16,ok
88_jopenchart,Duplicated Setup,112,90,-22,ok
88_jopenchart,Exceptions due to external dependencies,2,2,0,ok
88_jopenchart,Exceptions due to incomplete setup,21,19,-2,ok
88_jopenchart,Exceptions due to null arguments,25,17,-8,ok
88_jopenchart,Multiple calls to the same void method,33,41,8,ok
88_jopenchart,Not asserted return values,31,22,-9,ok
88_jopenchart,Not asserted side effects,65,64,-1,ok
88_jopenchart,Not null assertion,4,20,16,ok
88_jopenchart,Testing only field accesors,44,45,1,ok
88_jopenchart,Testing the same exception scenario,16,6,-10,ok
89_jiggler,Asserting Constants,1,1,0,ok
89_jiggler,Asserting object initialization multiple times,535,427,-108,ok
89_jiggler,Duplicated Setup,430,307,-123,ok
89_jiggler,Exceptions due to external dependencies,1,1,0,ok
89_jiggler,Exceptions due to incomplete setup,43,24,-19,ok
89_jiggler,Exceptions due to null arguments,49,26,-23,ok
89_jiggler,Multiple calls to the same void method,128,124,-4,ok
89_jiggler,Not asserted return values,131,70,-61,ok
89_jiggler,Not asserted side effects,174,153,-21,ok
89_jiggler,Not null assertion,220,64,-156,ok
89_jiggler,Testing only field accesors,56,45,-11,ok
89_jiggler,Testing the same exception scenario,89,8,-81,ok
90_dcparseargs,Asserting object initialization multiple times,33,23,-10,ok
90_dcparseargs,Duplicated Setup,9,9,0,ok
90_dcparseargs,Exceptions due to null arguments,4,0,-4,ok
90_dcparseargs,Not asserted return values,12,4,-8,ok
90_dcparseargs,Not null assertion,0,3,3,ok
90_dcparseargs,Testing only field accesors,6,4,-2,ok
91_classviewer,Asserting Constants,3,2,-1,ok
91_classviewer,Asserting object initialization multiple times,46,30,-16,ok
91_classviewer,Duplicated Setup,18,11,-7,ok
91_classviewer,Exceptions due to external dependencies,1,1,0,ok
91_classviewer,Exceptions due to incomplete setup,2,0,-2,ok
91_classviewer,Multiple calls to the same void method,16,15,-1,ok
91_classviewer,Not asserted return values,10,8,-2,ok
91_classviewer,Not asserted side effects,16,16,0,ok
91_classviewer,Not null assertion,2,6,4,ok
91_classviewer,Testing only field accesors,8,7,-1,ok
92_jcvi-javacommon,Asserting Constants,1,1,0,ok
92_jcvi-javacommon,Asserting object initialization multiple times,1084,978,-106,ok
92_jcvi-javacommon,Duplicated Setup,1025,887,-138,ok
92_jcvi-javacommon,Exceptions due to external dependencies,74,70,-4,ok
92_jcvi-javacommon,Exceptions due to incomplete setup,67,54,-13,ok
92_jcvi-javacommon,Exceptions due to null arguments,345,272,-73,ok
92_jcvi-javacommon,Multiple calls to the same void method,33,31,-2,ok
92_jcvi-javacommon,Not asserted return values,672,691,19,ok
92_jcvi-javacommon,Not asserted side effects,68,64,-4,ok
92_jcvi-javacommon,Not null assertion,6,12,6,ok
92_jcvi-javacommon,Testing only field accesors,105,94,-11,ok
92_jcvi-javacommon,Testing the same exception scenario,287,232,-55,ok
93_quickserver,Asserting Constants,5,6,1,ok
93_quickserver,Asserting object initialization multiple times,334,314,-20,ok
93_quickserver,Duplicated Setup,231,248,17,ok
93_quickserver,Exceptions due to external dependencies,26,9,-17,ok
93_quickserver,Exceptions due to incomplete setup,60,11,-49,ok
93_quickserver,Exceptions due to null arguments,46,10,-36,ok
93_quickserver,Multiple calls to the same void method,312,308,-4,ok
93_quickserver,Not asserted return values,221,114,-107,ok
93_quickserver,Not asserted side effects,509,451,-58,ok
93_quickserver,Not null assertion,6,40,34,ok
93_quickserver,Testing only field accesors,242,215,-27,ok
93_quickserver,Testing the same exception scenario,101,8,-93,ok
94_jclo,Asserting object initialization multiple times,13,10,-3,ok
94_jclo,Duplicated Setup,2,0,-2,ok
94_jclo,Multiple calls to the same void method,2,2,0,ok
94_jclo,Not asserted return values,0,5,5,ok
94_jclo,Not asserted side effects,2,2,0,ok
95_celwars2009,Asserting object initialization multiple times,21,17,-4,ok
95_celwars2009,Duplicated Setup,2,5,3,ok
95_celwars2009,Exceptions due to incomplete setup,1,0,-1,ok
95_celwars2009,Exceptions due to null arguments,8,0,-8,ok
95_celwars2009,Multiple calls to the same void method,2,8,6,ok
95_celwars2009,Not asserted return values,3,3,0,ok
95_celwars2009,Not asserted side effects,13,17,4,ok
95_celwars2009,Not null assertion,0,5,5,ok
95_celwars2009,Testing only field accesors,22,16,-6,ok
95_celwars2009,Testing the same exception scenario,6,0,-6,ok
96_heal,Asserting Constants,1,10,9,ok
96_heal,Asserting object initialization multiple times,596,432,-164,ok
96_heal,Duplicated Setup,470,430,-40,ok
96_heal,Exceptions due to external dependencies,21,4,-17,ok
96_heal,Exceptions due to incomplete setup,107,24,-83,ok
96_heal,Exceptions due to null arguments,71,17,-54,ok
96_heal,Multiple calls to the same void method,180,250,70,ok
96_heal,Not asserted return values,246,246,0,ok
96_heal,Not asserted side effects,438,356,-82,ok
96_heal,Not null assertion,24,54,30,ok
96_heal,Testing only field accesors,473,395,-78,ok
96_heal,Testing the same exception scenario,107,9,-98,ok
97_feudalismgame,Asserting object initialization multiple times,83,83,0,ok
97_feudalismgame,Duplicated Setup,24,29,5,ok
97_feudalismgame,Exceptions due to null arguments,1,0,-1,ok
97_feudalismgame,Multiple calls to the same void method,35,30,-5,ok
97_feudalismgame,Not asserted return values,21,9,-12,ok
97_feudalismgame,Not asserted side effects,82,64,-18,ok
97_feudalismgame,Not null assertion,0,7,7,ok
97_feudalismgame,Testing only field accesors,89,78,-11,ok
97_feudalismgame,Testing the same exception scenario,6,0,-6,ok
98_trans-locator,Asserting object initialization multiple times,15,13,-2,ok
98_trans-locator,Duplicated Setup,2,0,-2,ok
98_trans-locator,Exceptions due to incomplete setup,2,1,-1,ok
98_trans-locator,Exceptions due to null arguments,1,0,-1,ok
98_trans-locator,Multiple calls to the same void method,2,0,-2,ok
98_trans-locator,Not asserted return values,1,1,0,ok
98_trans-locator,Not asserted side effects,5,3,-2,ok
98_trans-locator,Testing only field accesors,8,11,3,ok
99_newzgrabber,Asserting Constants,0,7,7,ok
99_newzgrabber,Asserting object initialization multiple times,100,82,-18,ok
99_newzgrabber,Duplicated Setup,38,35,-3,ok
99_newzgrabber,Exceptions due to external dependencies,1,1,0,ok
99_newzgrabber,Exceptions due to incomplete setup,10,4,-6,ok
99_newzgrabber,Exceptions due to null arguments,8,2,-6,ok
99_newzgrabber,Multiple calls to the same void method,35,34,-1,ok
99_newzgrabber,Not asserted return values,25,9,-16,ok
99_newzgrabber,Not asserted side effects,65,51,-14,ok
99_newzgrabber,Not null assertion,5,9,4,ok
99_newzgrabber,Testing only field accesors,46,43,-3,ok
99_newzgrabber,Testing the same exception scenario,6,2,-4,ok
100_jgaap,Asserting object initialization multiple times,26,10,-16,ok
100_jgaap,Duplicated Setup,25,16,-9,ok
100_jgaap,Exceptions due to incomplete setup,4,0,-4,ok
100_jgaap,Multiple calls to the same void method,7,8,1,ok
100_jgaap,Not asserted return values,16,2,-14,ok
100_jgaap,Not asserted side effects,11,10,-1,ok
100_jgaap,Not null assertion,0,3,3,ok
100_jgaap,Testing only field accesors,8,4,-4,ok
101_netweaver,Asserting Constants,28,3,-25,ok
101_netweaver,Asserting object initialization multiple times,728,632,-96,ok
101_netweaver,Duplicated Setup,876,765,-111,ok
101_netweaver,Exceptions due to external dependencies,2,2,0,ok
101_netweaver,Exceptions due to incomplete setup,19,4,-15,ok
101_netweaver,Exceptions due to null arguments,8,5,-3,ok
101_netweaver,Multiple calls to the same void method,818,789,-29,ok
101_netweaver,Not asserted return values,285,101,-184,ok
101_netweaver,Not asserted side effects,988,853,-135,ok
101_netweaver,Not null assertion,0,37,37,ok
101_netweaver,Testing only field accesors,94,129,35,ok
101_netweaver,Testing the same exception scenario,146,17,-129,ok
106_checkstyle,Asserting Constants,2,4,2,ok
106_checkstyle,Asserting object initialization multiple times,264,239,-25,ok
106_checkstyle,Duplicated Setup,129,97,-32,ok
106_checkstyle,Exceptions due to external dependencies,2,0,-2,ok
106_checkstyle,Exceptions due to incomplete setup,39,35,-4,ok
106_checkstyle,Exceptions due to null arguments,59,57,-2,ok
106_checkstyle,Multiple calls to the same void method,39,39,0,ok
106_checkstyle,Not asserted return values,69,57,-12,ok
106_checkstyle,Not asserted side effects,82,82,0,ok
106_checkstyle,Not null assertion,3,8,5,ok
106_checkstyle,Testing only field accesors,131,93,-38,ok
106_checkstyle,Testing the same exception scenario,32,23,-9,ok
